{"W3/fY7VD4B5NB1X4lvt1uQ==":"photo-5-2022-12-18-15-15-626x348.jpg","WyVmWuXb9f6RJRceCZZCHw==":"photo-7-2022-12-18-15-15%20(1)-626x417.jpg","vFuOoRzHD+P2+PpuIdvaYA==":"foto%20de%20asombro2-879x586.jpg","40s+PrfJp4Rac4OwHP4qpg==":"foto%20de%20dudas2%20(1)-879x586.jpg","pWSbc+eH+Fb85SGpaZshOg==":"photo_6_2022-12-03_19-25-52-1024x512.jpg","DB1WTvQ2BavFUeMWy5fr6Q==":"politica-1000x563.jpg","5pbl156N1j1zJN3SgF5T8w==":"fotoscvp4-816x544.jpg","tyHMBDmFLVlphaZkyLQoAg==":"fotoscvp1-816x453.jpg","g1OufPsrKcFdKXMXKvTd5Q==":"fotoscvp4-1000x667.jpg","dcZ8+jGg7uHZjXUltJ8uEw==":"fotoscvp1-1256x698.jpg","mqYpNIuDM//qLoLwbRIPlQ==":"background5-1920x800.jpg","HamObRC3FQnGaAIcZHICQQ==":"background5-1920x800.jpeg","Wlc42VL01no4QfYe8Q4Tog==":"background5-1-1920x800.jpeg","H2WkwrcaNSRYoMkJB/U9ow==":"background5.jpeg","m/tI13UKCsvNyOh/nGnNfA==":"background5-2-1920x800.jpeg","IWS42fSJuyzvnPx3TtbGwA==":"foto%20de%20asombro-816x544.jpg","2WF4BX4244HovBgPYhtVTg==":"foto%20de%20asombro-816x544.jpeg","KW5CSA+JQe3i3L5wvIHgNg==":"fooooto-1052x571.jpg"}